{
  "products": [
    {
      "id": 1,
      "name": "Xbox",
      "price": 300
    },
    {
      "id": 2,
      "name": "PS5",
      "price": 400
    }
  ],
  "users": [
    {
      "id": 1,
      "username": "Alice",
      "password": "highschool"
    },
    {
      "id": 2,
      "username": "Frank",
      "password": "redhat"
    },
    {
      "username": "ion",
      "password": "1234",
      "id": 3
    },
    {
      "username": "vasile",
      "password": "3333",
      "id": 4
    },
    {
      "username": "vasile",
      "password": "3333",
      "id": 5
    },
    {
      "username": "vasile",
      "password": "3333",
      "id": 6
    },
    {
      "username": "bob",
      "password": "1234",
      "id": 7
    },
    {
      "username": "att",
      "password": "1234",
      "id": 8
    },
    {
      "username": "boss",
      "password": "1234",
      "id": 9
    },
    {
      "username": "razvan",
      "password": "secret",
      "id": 10
    }
  ]
}